artist1.x,artist,track,url,artist1.y,birth,death
Modest Mussorgsky,Modest Mussorgsky (1839-1881),Night on Bald Mountain,https://open.spotify.com/track/5rPqo5uyPn5MDoJkkiu8Nr,Modest Mussorgsky,1839,1881
George Frideric Handel,George Frideric Handel (1685-1759),"Messiah, HWV 56, Pt. 1: No. 4, Chorus. And the Glory of the Lord Shall Be Revealed",https://open.spotify.com/track/4Ygqf5DFZooJDqYkzDagKy,George Frideric Handel,1685,1759
Johann Strauss II,Johann Strauss II (1825-1899),Die Fledermaus: Overture,https://open.spotify.com/track/6FbPeP7zBqDfWUFSotbmUq,Johann Strauss Jr,1825,1899
Sergei Prokofiev,Sergei Prokofiev (1891-1953),"Peter and the Wolf, Op. 67 (Remastered): The Story Begins",https://open.spotify.com/track/0wnXJy6kkLgLpcbFGnAXBI,Sergei Prokofiev,1891,1953
Paul Hindemith,Paul Hindemith (1895-1963),"Hindemith: Mathis der Maler, Bild 6: ""Der liebste Vater, er verstand mich"" (Regina, Mathis)",https://open.spotify.com/track/6cBuuO6BUacsua6WC6LAaw,Paul Hindemith,1895,1963
Frédéric Chopin,Frédéric Chopin (1810-1849),"Nocturne No. 2 in E-Flat Major, Op. 9 No. 2",https://open.spotify.com/track/1VNvsvEsUpuUCbHpVop1vo,Frédéric Chopin,1810,1849
Johann Strauss II,Johann Strauss II (1825-1899),"An der schönen blauen Donau, Waltz, Op. 314",https://open.spotify.com/track/4J0e4gEqaLQlG5EM0wws1K,Johann Strauss Jr,1825,1899
Thomas Morley,Thomas Morley (1557-1602),Morley: Now is the Month of Maying,https://open.spotify.com/track/73CzfSsf5n6F2VeRM8GCLa,Thomas Morley,1557,1602
Johann Pachelbel,Johann Pachelbel (1653-1706),Pachelbel: Canon and Gigue for Three Violins and Continuo in D Major: Canon,https://open.spotify.com/track/7ci2JgRHMiVIAueWOiWMye,Johann Pachelbel,1653,1706
Johannes Ockeghem,Johannes Ockeghem (1420-1496),Ockeghem: Missa pro defunctis: I. Requiem aeternam,https://open.spotify.com/track/3zlS9Y1jztEKcTId4OESOd,Johannes Ockeghem,1420,1496
Tobias Hume,Tobias Hume (1579-1645),The King of Denmarks Delight,https://open.spotify.com/track/2PosJTq6obVASb20uOSmgC,Tobias Hume,1579,1645
Antonín Dvořák,Antonín Dvořák (1841-1904),"Symphony No. 9 in E Minor, Op. 95, B. 178 ""From the New World"": IV. Allegro con fuoco",https://open.spotify.com/track/6nqHzwOdGIaX57U6VU6kMO,Antonín Dvořák,1841,1904
Francesco da Milano,Francesco da Milano (1497-1543),Intabolatura de lauto: Ricercar No. 4 (Fantasia),https://open.spotify.com/track/2GVtmJS3pJ3fr7O5d9a01Q,Francesco da Milano,1497,1543
Joseph Haydn,Joseph Haydn (1732-1809),"Piano Sonata in E flat, H.XVI No. 49: 3. Finale (Tempo di minuetto)",https://open.spotify.com/track/2NVnW5x1j6BpBVIJi8y7h7,Joseph Haydn,1732,1809
Thomas Tallis,Thomas Tallis (1505-1585),Mass for 4 Voices: I. Gloria,https://open.spotify.com/track/6GzfuT24wqfHZquZZwLYIV,Thomas Tallis,1505,1585
Thomas Tallis,Thomas Tallis (1505-1585),If Ye Love Me,https://open.spotify.com/track/2NjcAszEdomxtNhmVqb8tU,Thomas Tallis,1505,1585
Arcangelo Corelli,Arcangelo Corelli (1653-1713),"Concerto grosso in G Minor, Op. 6 No. 8 ""Christmas Concerto"": III. Adagio – Allegro – Adagio",https://open.spotify.com/track/17gz8bmRy8HDUf6AZBnD5K,Arcangelo Corelli,1653,1713
Joseph Haydn,Joseph Haydn (1732-1809),"String Quartet No. 62 in C Major, Op. 76 No. 3, Hob. III:77 ""Emperor"": II. Poco adagio, cantabile",https://open.spotify.com/track/67TCAXIe154ZGDNaWceqxC,Joseph Haydn,1732,1809
Richard Wagner,Richard Wagner (1813-1883),Lohengrin: Prelude,https://open.spotify.com/track/5NQ41wfi4Pykv4eDTlAoIs,Richard Wagner,1813,1883
Pérotin,Pérotin (1160-1236),Viderunt omnes,https://open.spotify.com/track/3DPvIw6xupTvdJ6bxXxYZV,Pérotin,1160,1236
Pérotin,Pérotin (1160-1236),Beata viscera,https://open.spotify.com/track/3rZK9LQ3YxLgGOfc35D3Xn,Pérotin,1160,1236
Georg Philipp Telemann,Georg Philipp Telemann (1681-1767),"Tafelmusik, Pt. 1, Concerto in A Major, TWV 53:A2: II. Allegro",https://open.spotify.com/track/2WbVaaISgHmu7yrQo6M9nh,Georg Philipp Telemann,1681,1767
George Gershwin,George Gershwin (1898-1937),An American in Paris,https://open.spotify.com/track/0ZsKHtV8jxOZMuBJk2LIQC,George Gershwin,1898,1937
Adam de Saint Victor,Adam de Saint Victor (1068-1146),Jubilemus salvatori,https://open.spotify.com/track/3G61NWQEzsk1olGV4JelBI,Adam de Saint Victor,1068,1146
Modest Mussorgsky,Modest Mussorgsky (1839-1881),"Sorochintsi Fair, Act I: Gopak (Hopak)",https://open.spotify.com/track/67qx63O0TGKTkLXnOdexbJ,Modest Mussorgsky,1839,1881
Johannes Brahms,Johannes Brahms (1833-1897),"Symphony No. 3 in F Major, Op. 90: III. Poco allegretto",https://open.spotify.com/track/2IMJqn67oira0vy5DdqlO2,Johannes Brahms,1833,1897
Gioachino Rossini,Gioachino Rossini (1792-1868),William Tell Overture,https://open.spotify.com/track/7tsT6EN0FB79zm7Nliz7Or,Gioachino Rossini,1792,1868
Bedřich Smetana,Bedřich Smetana (1824-1884),"String Quartet No. 1 in E Minor, ""From my life"": IV. Vivace",https://open.spotify.com/track/3DvV1rB4Law1hK6QKfXquH,Bedrich Smetana,1824,1884
Antonín Dvořák,Antonín Dvořák (1841-1904),"Serenade for Strings in E Major, Op. 22, B. 52: II. Tempo di valse",https://open.spotify.com/track/3sAYxq1986j3ydqLv6jwUJ,Antonín Dvořák,1841,1904
Orlande de Lassus,Orlande de Lassus (1532-1594),Si du malheur,https://open.spotify.com/track/3j7ZCd25lU81HL0CBxQ9BS,Orlande de Lassus,1532,1594
Giovanni Pierluigi da Palestrina,Giovanni Pierluigi da Palestrina (1525-1594),"Masses, Book 2, Missa Papae Marcelli: Kyrie",https://open.spotify.com/track/46JsxiI6tGMzipdW6CY40H,Giovanni Pierluigi da Palestrina,1525,1594
Antonio Vivaldi,Antonio Vivaldi (1678-1741),"Concerto for Lute, 2 Violins and Continuo in D major, RV 93: 3. Allegro",https://open.spotify.com/track/23PxZxEAHqQk7ZmyMAwQQQ,Antonio Vivaldi,1678,1741
Luigi Boccherini,Luigi Boccherini (1743-1805),"String Quintet in E Major, G. 275 (Op. 11/5): Minuet",https://open.spotify.com/track/3MGdBHevIGU82NqTM2S1PF,Luigi Boccherini,1743,1805
Ludwig van Beethoven,Ludwig van Beethoven (1770-1827),"Piano Concerto No. 3 in C Minor, Op. 37: III. Rondo. Allegro - Live",https://open.spotify.com/track/5RmuUbJ0lCZxRw2ynCUgiT,Ludwig van Beethoven,1770,1827
Edvard Grieg,Edvard Grieg (1843-1907),"Peer Gynt Suite No. 1, Op. 46: I. Morning Mood",https://open.spotify.com/track/0awWxz7WRKdSpU9RVZ5PVK,Edvard Grieg,1843,1907
Aimeric de Peguilhan,Aimeric de Peguilhan (1175-1230),En amor trob alques en que'm refraing,https://open.spotify.com/track/1WOWuUEsCcBdpOy1LTWMV9,Aimeric de Peguilhan,1175,1230
Johannes Ockeghem,Johannes Ockeghem (1420-1496),Intemerata Dei mater,https://open.spotify.com/track/13dTXGC6c4t9XPMaAzumtU,Johannes Ockeghem,1420,1496
Josquin des Prez,Josquin des Prez (1450-1521),Nunc dimittis,https://open.spotify.com/track/1T1KQvUWFXUUUrbwW06Rpy,Josquin Des Prez,1450,1521
Jacques Arcadelt,Jacques Arcadelt (1507-1568),Il bianco e dolce cigno: Il bianco e dolce cigno,https://open.spotify.com/track/33omoLPUPl3fk6WSlZlPzZ,Jacques Arcadelt,1507,1568
Orlando Gibbons,Orlando Gibbons (1583-1625),Pavan,https://open.spotify.com/track/2jaVkgkBqhb6OLH3qi4Qjr,Orlando Gibbons,1583,1625
Antonio Salieri,Antonio Salieri (1750-1825),"Sinfonia in D Major, ""La Veneziana"": III. Presto",https://open.spotify.com/track/3fD3bCLO1CZkV8csljRd0f,Antonio Salieri,1750,1825
Maurice Ravel,Maurice Ravel (1875-1937),Miroirs: III. Une barque sur l'océan,https://open.spotify.com/track/4JOEMgLkrHp8K1XNmyNffH,Maurice Ravel,1875,1937
Hildegard von Bingen,Hildegard von Bingen (1098-1179),O Euchari in leta via,https://open.spotify.com/track/21aOLjTFH10qpcgy6vvvXP,Hildegard von Bingen,1098,1179
Hildegard von Bingen,Hildegard von Bingen (1098-1179),O pastor animarum,https://open.spotify.com/track/13GsflnbTfLlqFOLkQOecX,Hildegard von Bingen,1098,1179
Hildegard von Bingen,Hildegard von Bingen (1098-1179),Ave generosa,https://open.spotify.com/track/6QRu2XN9CfaKtuvpOt3H4w,Hildegard von Bingen,1098,1179
Jehan de Lescurel,Jehan de Lescurel (1400-1430),"A vous, douce debonnaire (Rondeau) W!",https://open.spotify.com/track/5PYZ4IuguwQ5SvooWVF18U,Jehan de Lescurel,1400,1430
Jehan de Lescurel,Jehan de Lescurel (1400-1430),Gracïeusette (Virelai) W32,https://open.spotify.com/track/4fdD7nrpJ2GOrMzo7djSW8,Jehan de Lescurel,1400,1430
Matteo da Perugia,Matteo da Perugia (1400-1416),Rondeau-refrain,https://open.spotify.com/track/19VpdDSEMZSIf8PiXDKk4a,Matteo da Perugia,1400,1416
Matteo da Perugia,Matteo da Perugia (1400-1416),Pres du soloil deduissant s’esbanoye,https://open.spotify.com/track/63BgaB61VpsJDbhEjLbONE,Matteo da Perugia,1400,1416
Baude Cordier,Baude Cordier (1500-1530),Tout par compas suy composés,https://open.spotify.com/track/7pwd4GXi4szGLhNPFSRfSW,Baude Cordier,1500,1530
Wolfgang Amadeus Mozart,Wolfgang Amadeus Mozart (1756-1791),"Requiem in D Minor, K. 626: Sequence: VI. Lacrimosa dies illa",https://open.spotify.com/track/5p3xMIHQ6YoAIaSgZeOkNa,Wolfgang Amadeus Mozart,1756,1791
Ludwig van Beethoven,Ludwig van Beethoven (1770-1827),"Symphony No. 5 in C Minor, Op. 67: I. Allegro con brio",https://open.spotify.com/track/2ygeBLTP9uu3OW3VTulD8N,Ludwig van Beethoven,1770,1827
Johann Stamitz,Johann Stamitz (1717-1757),Symphony in G Major: III. Presto,https://open.spotify.com/track/5XNmZTTVL33LPjUWkblOMW,Johann Stamitz,1717,1757
Edvard Grieg,Edvard Grieg (1843-1907),"Lyric Pieces, Book 1, Op. 12: Arietta",https://open.spotify.com/track/2YIaZvqivJGIFvyeDR2YUr,Edvard Grieg,1843,1907
Johannes Brahms,Johannes Brahms (1833-1897),"16 Waltzes, Op. 39 (Version for Solo Piano): No. 3 in G-Sharp Minor",https://open.spotify.com/track/5eqhhghDRfP4hVqBTTxUv5,Johannes Brahms,1833,1897
Arnold Schoenberg,Arnold Schoenberg (1874-1951),"Schoenberg: Verklärte Nacht, Op. 4: I. Grave (1943 Version)",https://open.spotify.com/track/6gz6rxRge7BLRreM9uJXxI,Arnold Schoenberg,1874,1951
Arnold Schoenberg,Arnold Schoenberg (1874-1951),"Schoenberg: 6 Little Piano Pieces, Op. 19: No. 1, Leicht, zart",https://open.spotify.com/track/6ISQeh1wDQtGLt6fDHtS0C,Arnold Schoenberg,1874,1951
Adam de Saint Victor,Adam de Saint Victor (1068-1146),In natale,https://open.spotify.com/track/5xwkrWrVBRCmTVe9dmpWTN,Adam de Saint Victor,1068,1146
Guillaume de Machaut,Guillaume de Machaut (1300-1377),Messe de Nostre Dame: Kyrie,https://open.spotify.com/track/0GdtnJydzs1827lp6s5Gfp,Guillaume de Machaut,1300,1377
Francis Poulenc,Francis Poulenc (1899-1963),Nocturnes n°7 en mi majeur,https://open.spotify.com/track/7mquylOh2B6j5YiU36CP1m,Francis Poulenc,1899,1963
György Ligeti,György Ligeti (1923-2006),"Musica ricercata: No. 7, Cantabile, molto legato",https://open.spotify.com/track/3mWP6hxaJJUwrq3XPrL5Io,György Ligeti,1923,2006
Hans Werner Henze,Hans Werner Henze (1926-2012),Fantasia For Strings: 4. Allegro moderato - Meno mosso,https://open.spotify.com/track/7bXOSZeGnIaeXg54KXxozN,Hans Werner Henze,1926,2012
Léonin,Léonin (1135-1201),Alleluya. Non vos relinquam orphanos,https://open.spotify.com/track/6th22FzR0JsEkj4Yy4WkKE,Léonin,1135,1201
Orlando Gibbons,Orlando Gibbons (1583-1625),This Is the record of John,https://open.spotify.com/track/6RBrvlIDz6AhFs0qkTPriB,Orlando Gibbons,1583,1625
Antoine Brumel,Antoine Brumel (1460-1512),Du tout plongiet/Fors seulement,https://open.spotify.com/track/4GeINy8JYsHPofZZR36zyN,Antoine Brumel,1460,1512
Johann Sebastian Bach,Johann Sebastian Bach (1685-1750),"Violin Partita No. 3 in E Major, BWV 1006: I. Preludio",https://open.spotify.com/track/2sqhid2MBYJCZWPrLjsUbP,Johann Sebastian Bach,1685,1750
Anton Bruckner,Anton Bruckner (1824-1896),"Symphony No. 4 in E-Flat Major, WAB 104, ""Romantic"": I. Bewegt, nicht zu schnell - Live",https://open.spotify.com/track/2TAmVyyPPoSwdMckJp4I8f,Anton Bruckner,1824,1896
Béla Bartók,Béla Bartók (1881-1945),"Out Doors, BB 89, Sz. 81 - Volume 2: 4. The Night's Music",https://open.spotify.com/track/66to0qDs0qnH0m4I0VWDW0,Béla Bartók,1881,1945
Steve Reich,Steve Reich (1936-NA),Music for 18 Musicians: Section I,https://open.spotify.com/track/2yUYtWmxx16bANtxC47xfp,Steve Reich,1936,NA
Hilaire Penet,Hilaire Penet (1501-1550),Virgo prudentissima,https://open.spotify.com/track/78odMgrdUSSVS3JX6p1kiP,Hilaire Penet,1501,1550
Joseph Haydn,Joseph Haydn (1732-1809),"Cello Concerto No. 1 in C Major, Hob.VIIb:1: III. Allegro molto",https://open.spotify.com/track/6vmdTXLsimRBhXioUcWP10,Joseph Haydn,1732,1809
Joan Ambrosio Dalza,Joan Ambrosio Dalza (1508-1508),"Intabolatura de lauto, Book 4: Calata ala spagnola",https://open.spotify.com/track/2AUmB3hu5fHgbWlAIknr7A,Joan Ambrosio Dalza,1508,1508
Michael Praetorius,Michael Praetorius (1571-1621),In natali Domini (a 4),https://open.spotify.com/track/01fUQw2SbInzHngudV4GCy,Michael Praetorius,1571,1621
Johann Pachelbel,Johann Pachelbel (1653-1706),Allein Gott in der Hoh sei Ehr,https://open.spotify.com/track/5pFBBxXnB8Rm5Dmgl3tPYo,Johann Pachelbel,1653,1706
Franz Schubert,Franz Schubert (1797-1828),"String Quartet No. 10 in E Flat Major, D. 87: III. Adagio",https://open.spotify.com/track/68yYNLM0fQY3G2WkPOVCqs,Franz Schubert,1797,1828
Paschal de l'Estocart,Paschal de l'Estocart (1538-1587),Veu que du tout (Ps. 11),https://open.spotify.com/track/3CzysLAiHbqfuVFzSLscLQ,Paschal de l'Estocart,1538,1587
Francisco de Peñalosa,Francisco de Peñalosa (1470-1528),Missa Nunca Fue Pena Major: V. Agnus Dei,https://open.spotify.com/track/2d4jajdBMxlAWXQ7TUjBXd,Francisco de Peñalosa,1470,1528
Ludwig van Beethoven,Ludwig van Beethoven (1770-1827),"String Quartet No. 13 in B-Flat Major, Op. 130: II. Presto",https://open.spotify.com/track/2ZjhhB3kZP6Zufmjuv2TWC,Ludwig van Beethoven,1770,1827
Niccolò Paganini,Niccolò Paganini (1782-1840),"Paganini: 24 Caprices, Op. 1: No. 24 in A Minor",https://open.spotify.com/track/6cC6h5E351deEGFd7Kh9uy,Niccolò Paganini,1782,1840
Niccolò Paganini,Niccolò Paganini (1782-1840),"Paganini: 24 Caprices, Op. 1: No. 2 in B Minor",https://open.spotify.com/track/6NiKl1DJJUj7aJut1JbElY,Niccolò Paganini,1782,1840
Frédéric Chopin,Frédéric Chopin (1810-1849),"Chopin: Nocturne No. 20 in C-Sharp Minor, Op. Posth.",https://open.spotify.com/track/2MSgFefjK0T7Iwjvr3OKqV,Frédéric Chopin,1810,1849
Anton Bruckner,Anton Bruckner (1824-1896),"Symphony No. 8 in C Minor, WAB 108: IV. Finale. Feierlich, nicht schnell (Ed. R. Haas from 1887 and 1890 versions)",https://open.spotify.com/track/6pG5ExZiqflW7jFrd8KAtb,Anton Bruckner,1824,1896
Léonin,Léonin (1135-1201),Iudea et Iherusalem,https://open.spotify.com/track/26Hrxa5tJpSdUsldpvSa73,Léonin,1135,1201
Thibaut de Champagne,Thibaut de Champagne (1201-1253),Puisk'il m'estuet,https://open.spotify.com/track/1L2NfH5XrB0qkLthXRbCpS,Thibaut de Champagne,1201,1253
Henry Purcell,Henry Purcell (1659-1695),"Abdelazer, Z.570: 2. Rondeau",https://open.spotify.com/track/5TLI2Zez1KvXru9DHYC99Z,Henry Purcell,1659,1695
Jean-Baptiste Lully,Jean-Baptiste Lully (1632-1687),Marche pour la cérémonie des Turcs,https://open.spotify.com/track/5UO0mq9xiBiwwfA91u8YQn,Jean-Baptiste Lully,1632,1687
György Ligeti,György Ligeti (1923-2006),Lux aeterna,https://open.spotify.com/track/7ad0L78kp6iJrHZikRvkJj,György Ligeti,1923,2006
Matteo da Perugia,Matteo da Perugia (1400-1416),Ave sancta mundi salus - Agnus dei,https://open.spotify.com/track/2CFT3vI5JQGxQOkpDS1OTQ,Matteo da Perugia,1400,1416
Pierre Attaingnant,Pierre Attaingnant (1494-1551),La Magdalena,https://open.spotify.com/track/5OYdwMSKwnZR9LnWenChvQ,Pierre Attaingnant,1494,1551
Georg Philipp Telemann,Georg Philipp Telemann (1681-1767),"Recorder Concerto in C Major, TWV 51:C1: IV. Tempo di Minuet",https://open.spotify.com/track/4DInMstD7cdWfnSHwtB7UI,Georg Philipp Telemann,1681,1767
Georg Philipp Telemann,Georg Philipp Telemann (1681-1767),"Sonata for 4 Violins in G Minor, TWV 40:201: I. Largo e staccato",https://open.spotify.com/track/0LWHku6CeveGybTW8tNdlb,Georg Philipp Telemann,1681,1767
Jean-Baptiste Lully,Jean-Baptiste Lully (1632-1687),"Lully: Ballet des muses, LWV 32: Air. ""Trop indiscret Amour"" (Euridice)",https://open.spotify.com/track/2zUoxM02p2aSy7LOfI5rCy,Jean-Baptiste Lully,1632,1687
György Ligeti,György Ligeti (1923-2006),Ligeti: Atmosphères,https://open.spotify.com/track/3HVUDpc6RNoY4d1zF5F287,György Ligeti,1923,2006
Franz Schubert,Franz Schubert (1797-1828),"Winterreise, D. 911: No. 5, Der Lindenbaum",https://open.spotify.com/track/5mMJLbhUc07A6x23HFypsv,Franz Schubert,1797,1828
Gioachino Rossini,Gioachino Rossini (1792-1868),Il barbiere di Siviglia: Overture (Sinfonia),https://open.spotify.com/track/1chTrqszWQEOP4RsNuOZf7,Gioachino Rossini,1792,1868
Jean Sibelius,Jean Sibelius (1865-1957),"13 Pieces, Op. 76: No. 2 Etude",https://open.spotify.com/track/4StypY6VnE9BqgqQ0ni1tg,Jean Sibelius,1865,1957
Robert Schumann,Robert Schumann (1810-1856),"Papillons, Op. 2: No. 11",https://open.spotify.com/track/2mDEaxFxyzecnvTvrxxM1h,Robert Schumann,1810,1856
Sergei Rachmaninoff,Sergei Rachmaninoff (1873-1943),"Piano Concerto No. 2 in C Minor, Op. 18: III. Allegro scherzando",https://open.spotify.com/track/0gmDkDRe0WL66N7Vt2Xr3H,Sergei Rachmaninoff,1873,1943
Sergei Prokofiev,Sergei Prokofiev (1891-1953),"Prokofiev: Violin Concerto No. 2 in G Minor, Op. 63: I. Allegro moderato",https://open.spotify.com/track/0wonrrca3HtSgjKrN2iYsB,Sergei Prokofiev,1891,1953
François Couperin,François Couperin (1668-1733),Les baricades mystérieuses - Arranged By Göran Söllscher,https://open.spotify.com/track/6sLr7HzQe2xQVhBmhrT3vU,François Couperin,1668,1733
Georg Muffat,Georg Muffat (1653-1704),Violin Sonata in D Major: I. [Adagio] - II. [Allegro - Adagio - Allegro - Adagio],https://open.spotify.com/track/7zN9zLRUCwKs19JcOQXvPh,Georg Muffat,1653,1704
Wolfgang Amadeus Mozart,Wolfgang Amadeus Mozart (1756-1791),"Die Hochzeit des Figaro, K. 492, 3. Akt: Canzonetta sull aria… Che soave zeffiretto (Die Verurteilten): Sinfonia",https://open.spotify.com/track/7kwCAXd0GeQvWvfTgCjaNX,Wolfgang Amadeus Mozart,1756,1791
Pierre Boulez,Pierre Boulez (1925-2016),"Le marteau sans maître: I. Avant ""L'Artisanat furieux""",https://open.spotify.com/track/6soONSnPvVf2XhMA1Uua8D,Pierre Boulez,1925,2016
John Adams,John Adams (1947-NA),Hallelujah Junction,https://open.spotify.com/track/0lkddr8XvgjbZ5Pl2sVrZe,John Adams,1947,NA
Pérotin,Pérotin (1160-1236),Viderunt omnes: ...Fines terre salutare dei nostri jubilate deo omnis terra (plainchant),https://open.spotify.com/track/08j1zOPmWQaGRhwSdklMzi,Pérotin,1160,1236
Léonin,Léonin (1135-1201),Viderunt omnes No. 1: Viderunt omnes... (2-part organum),https://open.spotify.com/track/1TCx5p8MDtp71mOsVpHIQG,Léonin,1135,1201
Philippe de Vitry,Philippe de Vitry (1291-1361),"Colla iugo subdere - Bona condit cetera - Libera me, Domine (Motette)",https://open.spotify.com/track/1WNIHbGue66FLhCb6SDay9,Philippe de Vitry,1291,1361
Philippe de Vitry,Philippe de Vitry (1291-1361),Garrit Gallus flendo dolorose - In nova fert animus - Neuma (Motette),https://open.spotify.com/track/14n9P7MzL2YFQgGIC6yBLu,Philippe de Vitry,1291,1361
John Dowland,John Dowland (1563-1626),Lachrimae,https://open.spotify.com/track/0fekKJ0yfD66n4kKcFajH8,John Dowland,1563,1626
Richard Wagner,Richard Wagner (1813-1883),"Die Walkürie, WWV 86b, Act III: Ride of the Valkyries",https://open.spotify.com/track/1s1wyovcNngTNEsRjMKmmn,Richard Wagner,1813,1883
Carl Nielsen,Carl Nielsen (1865-1931),"Aladdin Suite, Op. 34, FS 89: I. The Festival March",https://open.spotify.com/track/3gq4DPPn7Cwkv6RILbJv9s,Carl Nielsen,1865,1931
Maurice Ravel,Maurice Ravel (1875-1937),"Boléro, M. 81",https://open.spotify.com/track/5SkFRiZlENekv11Uj20UdJ,Maurice Ravel,1875,1937
Luciano Berio,Luciano Berio (1925-2003),Sinfonia for 8 Voices and Orchestra: III. In ruhig fließender Bewegung,https://open.spotify.com/track/2FsnxIH8Du6WqejN6FtUDk,Luciano Berio,1925,2003
Josquin des Prez,Josquin des Prez (1450-1521),Missa l'homme armé super voces musicales: V. Agnus Dei,https://open.spotify.com/track/0Z0JD8rj0ZgQ9zuHawbUdg,Josquin Des Prez,1450,1521
George Frideric Handel,George Frideric Handel (1685-1759),"Trio Sonata for 2 Violins and Continuo in G Minor, HWV 393 ""Dresden"" No. 2: III. Largo (Arr. for Oboe, Violin, Harpsichord and Orchestra by Andreas Tarkmann)",https://open.spotify.com/track/6ajRRfc2LHpk9Ln8tKIrf5,George Frideric Handel,1685,1759
Marin Marais,Marin Marais (1656-1728),"Pièces de viole, Livre 3 - Suite No. 7 in G Major: No. 92. Prélude. Lentement",https://open.spotify.com/track/2uzur7yhtXRMIoMQqgqCbd,Marin Marais,1656,1728
Claude Debussy,Claude Debussy (1862-1918),"Images For Orchestra, L. 122 / 2. Ibéria: 1. Par les rues et par les chemins",https://open.spotify.com/track/1GC6iDuEKiWhmaPyydzp7S,Claude Debussy,1862,1918
Robert Schumann,Robert Schumann (1810-1856),"Schumann: Piano Concerto in A Minor, Op. 54: I. Allegro affettuoso",https://open.spotify.com/track/2JzsHRzDT3kCokSu0ggZ8U,Robert Schumann,1810,1856
Gustav Mahler,Gustav Mahler (1860-1911),"Symphony No. 2 in C Minor ""Resurrection"": I. Allegro maestoso - Mit durchaus ernstem und feierlichem Ausdruck",https://open.spotify.com/track/0hBIISqYVIvY8ikBaeTVEk,Gustav Mahler,1860,1911
Pierre Boulez,Pierre Boulez (1925-2016),"Boulez: 12 Notations pour piano: No. 1, Fantasque - Modéré",https://open.spotify.com/track/1m2obS65C00fDT0AUyeEwI,Pierre Boulez,1925,2016
Toru Takemitsu,Toru Takemitsu (1930-1996),"Piano Pieces for Children: No. 2, Clouds",https://open.spotify.com/track/2iRsotmmKJqxEPriYuMxDj,Toru Takemitsu,1930,1996
Toru Takemitsu,Toru Takemitsu (1930-1996),Saegirarenai kyusoku: III. A song of love (Uninterrupted Rest),https://open.spotify.com/track/11YQqfpWpsjtapYzTRlhlB,Toru Takemitsu,1930,1996
Michael Praetorius,Michael Praetorius (1571-1621),Suite No. 1 in C Major: II. Spagnoletta,https://open.spotify.com/track/54zeWeNKZHaNYKY2lHY1gY,Michael Praetorius,1571,1621
Antonio Vivaldi,Antonio Vivaldi (1678-1741),"The Four Seasons - Violin Concerto in F Minor, Op. 8 No. 4, RV 297 ""Winter"": I. Allegro non molto",https://open.spotify.com/track/64ZxBE1ZgK4C0lGljXzDcG,Antonio Vivaldi,1678,1741
Giovanni Battista Pergolesi,Giovanni Battista Pergolesi (1710-1736),Lo frate 'nnamorato: II. Andante,https://open.spotify.com/track/6xhVf7SgpsCDV0im95XTe3,Giovanni Battista Pergolesi,1710,1736
Felix Mendelssohn,Felix Mendelssohn (1809-1847),"Violin Concerto In E Minor, Op. 64, MWV O14: I. Allegro molto appassionato",https://open.spotify.com/track/0gXVAsYYkkEqAB1pwAnRVM,Felix Mendelssohn,1809,1847
Amy Beach,Amy Beach (1867-1944),"Young Birches, Op. 128, No. 2",https://open.spotify.com/track/4VVEfBXep7FdOt524jkfLF,Amy Beach,1867,1944
Iannis Xenakis,Iannis Xenakis (1922-2001),Metastaseis,https://open.spotify.com/track/79yUST37eI7V4CyMnvKOOv,Iannis Xenakis,1922,2001
Elliott Carter,Elliott Carter (1908-2012),"2 Thoughts About the Piano, No. 2. Caténaires: 2 Thoughts About the Piano: No. 2, Caténaires",https://open.spotify.com/track/4KAUr4cEzbifN7Xy2ALEOu,Elliott Carter,1908,2012
Francisco de Peñalosa,Francisco de Peñalosa (1470-1528),Por Las Sierras De Madrid,https://open.spotify.com/track/28FRxQGonGm37cmCkdAIrB,Francisco de Peñalosa,1470,1528
Jan Pieterszoon Sweelinck,Jan Pieterszoon Sweelinck (1562-1621),"Pseaumes de David, Livre 2: No. 30, Resveillez-vous, chacun fidèle",https://open.spotify.com/track/6aFgeazT8FPb8jaAyHleBs,Jan Pieterszoon Sweelinck,1562,1621
Michel Corrette,Michel Corrette (1707-1795),Noel Symphony No. 4 in D Minor: I. Une jeune pucelle: Moderato,https://open.spotify.com/track/6JkDThoofgbKj59ykGwRph,Michel Corrette,1707,1795
Giuseppe Verdi,Giuseppe Verdi (1813-1901),Dies Irae,https://open.spotify.com/track/3By9jCy6b4dv5XnlhvIWwx,Giuseppe Verdi,1813,1901
Bedřich Smetana,Bedřich Smetana (1824-1884),"6 Album Leaves, Op. 2, JB 1:51: No. 2 in A Minor, Chanson. Moderato",https://open.spotify.com/track/01bE92ADfWtIskqhPwvj58,Bedrich Smetana,1824,1884
Igor Stravinsky,Igor Stravinsky (1882-1971),"Stravinsky: The Rite of Spring, Pt. 1 ""Adoration of the Earth"": Introduction - Augurs of Spring - Dances of the Young Girls - Ritual of Abduction",https://open.spotify.com/track/6FQsHpV1DREJFMBZmMKITF,Igor Stravinsky,1882,1971
Igor Stravinsky,Igor Stravinsky (1882-1971),"The Rake's Progress, Act I Scene 3: Aria. Quietly, night… (Anne)",https://open.spotify.com/track/4bgOvTfu8ln7M07DgFJmJl,Igor Stravinsky,1882,1971
Tuotilo,Tuotilo (850-915),Hodie pectore mundo - Cernere quod,https://open.spotify.com/track/4Bn6RPuIwHHQVq14gGGkZy,Tuotilo,850,915
Oswald von Wolkenstein,Oswald von Wolkenstein (1376-1445),Es fügt sich: Movements I-III,https://open.spotify.com/track/4ajflaxFtD9PiWBCn7A64v,Oswald von Wolkenstein,1376,1445
Guillaume Dufay,Guillaume Dufay (1400-1474),Saltarello - Guillaume Dufay / Jordi Savall,https://open.spotify.com/track/5BHAKNY4j859CUXlCjsgaP,Guillaume Dufay,1400,1474
Johannes Ockeghem,Johannes Ockeghem (1420-1496),Ockeghem: Missa pro defunctis: I. Requiem aeternam,https://open.spotify.com/track/4oGx9In9x67C8cFvL96WO6,Johannes Ockeghem,1420,1496
Giuseppe Verdi,Giuseppe Verdi (1813-1901),"Rigoletto, Act III: La donna è mobile",https://open.spotify.com/track/50KVOLNNqft8SJr5ybrv8G,Giuseppe Verdi,1813,1901
Pyotr Ilyich Tchaikovsky,Pyotr Ilyich Tchaikovsky (1840-1893),"Tchaikovsky: The Nutcracker, Op. 71: Miniature Overture",https://open.spotify.com/track/38cYmA8SF9I2FRbfNdRyVZ,Pyotr Ilyich Tchaikovsky,1840,1893
Notker Balbulus,Notker Balbulus (840-912),Natus ante saecula,https://open.spotify.com/track/3BTHqTXKlx8tAK5ZMAuVZa,Notker Balbulus,840,912
Guillaume de Machaut,Guillaume de Machaut (1300-1377),Douce dame jolie,https://open.spotify.com/track/16EFosNh2wJGWP6KotAsK8,Guillaume de Machaut,1300,1377
Peter Philips,Peter Philips (1560-1628),Christus resurgens,https://open.spotify.com/track/2MS1LzqWFA4DHsW5qsY4QD,Peter Philips,1560,1628
Franz Liszt,Franz Liszt (1811-1886),"Liebestraum No. 3 in A-Flat Major, S. 541 / 3",https://open.spotify.com/track/2u9VGZmVz7Rm01SfDgzcfA,Franz Liszt,1811,1886
Franz Liszt,Franz Liszt (1811-1886),"La campanella in G-Sharp Minor (From ""Grandes études de Paganini"", S. 141/3)",https://open.spotify.com/track/2Hnurh1BcigGbCGFOb4Uid,Franz Liszt,1811,1886
Nikolai Rimsky-Korsakov,Nikolai Rimsky-Korsakov (1844-1908),The Tale of Tsar Saltan: Flight of the Bumblebee,https://open.spotify.com/track/2AOyCARLk3Fy2XtskBJnzB,Nikolai Rimsky-Korsakov,1844,1908
Johannes Ciconia,Johannes Ciconia (1370-1412),Per quella strada lactea del cielo,https://open.spotify.com/track/1K61TqEFyEA7fkOumdQ7J7,Johannes Ciconia,1370,1412
Élisabeth Jacquet de La Guerre,Élisabeth Jacquet de La Guerre (1665-1729),Violin Sonata No. 2 in D Major: I. Presto,https://open.spotify.com/track/7qpkLZL5ePxCfZMA3PuNjg,Élisabeth Jacquet de La Guerre,1665,1729
Francesco Cavalli,Francesco Cavalli (1602-1676),"Musiche sacre: No. 23, Canzon à 3",https://open.spotify.com/track/5WoBYhdGDMjZ264X2FUJQ7,Francesco Cavalli,1602,1676
Sergei Rachmaninoff,Sergei Rachmaninoff (1873-1943),"Piano Concerto No. 2 in C Minor, Op. 18: 2. Adagio sostenuto",https://open.spotify.com/track/4rrrn8OLrttq7r9RgNXalU,Sergei Rachmaninoff,1873,1943
George Gershwin,George Gershwin (1898-1937),Rhapsody in Blue,https://open.spotify.com/track/0yzhOPf0iw2qWwcXRRta5L,George Gershwin,1898,1937
Steve Reich,Steve Reich (1936-NA),Electric Counterpoint: III. Fast,https://open.spotify.com/track/4qyPKRu0yppEcIFsAMvPWi,Steve Reich,1936,NA
Elliott Carter,Elliott Carter (1908-2012),Cello Concerto: 3. Giocoso,https://open.spotify.com/track/2UTbgxk6Qm5dJgT4udXi19,Elliott Carter,1908,2012
Carlo Gesualdo,Carlo Gesualdo (1561-1613),"Tenebrae Responsories, Feria quinta: II. Tristis est anima mea",https://open.spotify.com/track/4P8V3vCiUiL6DVSH6ggk8a,Carlo Gesualdo,1561,1613
Orlande de Lassus,Orlande de Lassus (1532-1594),Lagrime di San Pietro: V. Giovane donna il suo bel volto in specchio,https://open.spotify.com/track/2kxYAiduLoK6qHEvNybFkU,Orlande de Lassus,1532,1594
Tomás Luis de Victoria,Tomás Luis de Victoria (1549-1611),Responsories for Maundy Thursday Nocturn 2: I. Amicus meus osculi me tradidit signa,https://open.spotify.com/track/3odchAeVZWKxPNHwd9jt0e,Tomás Luis de Victoria,1549,1611
Johann Joachim Quantz,Johann Joachim Quantz (1697-1773),"Flute Concerto in D Minor, QV 5:81: II. Arioso",https://open.spotify.com/track/0JWcB3Vvz1XWqM1BIky8zn,Johann Joachim Quantz,1697,1773
Johann Gottlieb Goldberg,Johann Gottlieb Goldberg (1727-1756),"Trio Sonata No. 4 in C Major, DürG 13 (Attrib. J.S. Bach as BWV 1037): I. Adagio",https://open.spotify.com/track/0AeJNPgtj79XgWzjGiered,Johann Gottlieb Goldberg,1727,1756
Béla Bartók,Béla Bartók (1881-1945),"Piano Concerto No. 2, Sz. 95: I. Allegro",https://open.spotify.com/track/6tEO7bieJDK8CAI0zplfu0,Béla Bartók,1881,1945
Guillaume Dufay,Guillaume Dufay (1400-1474),Je me complains piteusement,https://open.spotify.com/track/5ZSy5jNHyxWE3eWJ0wQXCl,Guillaume Dufay,1400,1474
Guillaume Dufay,Guillaume Dufay (1400-1474),Ave maris stella,https://open.spotify.com/track/74ZO67W83WAwvOopHFiQ7j,Guillaume Dufay,1400,1474
Anthony Holborne,Anthony Holborne (1545-1602),Image of Melancholy,https://open.spotify.com/track/0zTy4y1PqqaZYMlKqChl4t,Anthony Holborne,1545,1602
John Dowland,John Dowland (1563-1626),"The Shoemaker's Wife. A Toy, P 58",https://open.spotify.com/track/2k2Hky9hJbd6E0F1no47sG,John Dowland,1563,1626
Christopher Tye,Christopher Tye (1505-1573),In nomine: Rachell’s Weepinge,https://open.spotify.com/track/73rABTVJBXkp3bdhdYy6b7,Christopher Tye,1505,1573
Robert Lucas Pearsall,Robert Lucas Pearsall (1795-1856),Sing we and chaunt it,https://open.spotify.com/track/70Ah4eda7H7gLt4KS9rfAQ,Robert Lucas Pearsall,1795,1856
Antoine Brumel,Antoine Brumel (1460-1512),Sicut lilium,https://open.spotify.com/track/3Q4IDptEJXkEopGEzFwYBZ,Antoine Brumel,1460,1512
Matthew Locke,Matthew Locke (1621-1677),"The Broken Consort I, Suite No. 3 in C Major: I. Fantasy for 2 Trebles and Bass",https://open.spotify.com/track/2RoSHqaRXA1wIhaB6JiNCw,Matthew Locke,1621,1677
Alexander Agricola,Alexander Agricola (1446-1506),"Missa, ""In myne zin"": Agnus Dei: Agnus I",https://open.spotify.com/track/6aYO5A9A0fXTQyYhBlWTNv,Alexander Agricola,1446,1506
Heinrich Ignaz Franz von Biber,Heinrich Ignaz Franz von Biber (1644-1704),"Mystery (Rosary) Sonata No. 9, ""Jesus Carries the Cross"": I. Sonata",https://open.spotify.com/track/11YOIFGOdZSR7vTVyKkona,Heinrich Ignaz Franz von Biber,1644,1704
Domenico Scarlatti,Domenico Scarlatti (1685-1757),"Sonata in E Major, K. 380",https://open.spotify.com/track/5olY8yO9tGgPee9xNasVpN,Domenico Scarlatti,1685,1757
Gioachino Rossini,Gioachino Rossini (1792-1868),Waltz in E-Flat Major,https://open.spotify.com/track/4qwnhaT0LcfJaRNGOhndaQ,Gioachino Rossini,1792,1868
Gustav Mahler,Gustav Mahler (1860-1911),Winterlied,https://open.spotify.com/track/74RyXlypy4lkNesWXoDpbo,Gustav Mahler,1860,1911
Max Richter,Max Richter (1966-NA),Spring 1 - 2012,https://open.spotify.com/track/5xbuJuQsTVheVZvX2AJVIv,Max Richter,1966,NA
Oswald von Wolkenstein,Oswald von Wolkenstein (1376-1445),Skak - Frölich geschrai so well wir machen,https://open.spotify.com/track/5K0eSV1XTd2KPIbZdJPk29,Oswald von Wolkenstein,1376,1445
Antoine Busnois,Antoine Busnois (1430-1492),Amours amours amours,https://open.spotify.com/track/44efDG5frhiCLh8LPy50yF,Antoine Busnois,1430,1492
Alessandro Striggio,Alessandro Striggio (1536-1592),Eran ninfe e pastori,https://open.spotify.com/track/2bnMut60wd1FLcCgnAueWd,Alessandro Striggio,1536,1592
Nicholas Ludford,Nicholas Ludford (1484-1557),Ave cujus conceptio,https://open.spotify.com/track/5wzBuk9gLL3V6Y0s4fzMHb,Nicholas Ludford,1484,1557
Élisabeth Jacquet de La Guerre,Élisabeth Jacquet de La Guerre (1665-1729),Chamber Sonata No. 4 in G Minor: I. Grave,https://open.spotify.com/track/79IEO4HeDBjJ0lZ3gCowrz,Élisabeth Jacquet de La Guerre,1665,1729
Wilhelm Friedemann Bach,Wilhelm Friedemann Bach (1710-1784),"Keyboard Sonata in E-Flat Major, F. 5: II. Largo",https://open.spotify.com/track/3Txpk5H7P3Qc2ny1KlcWCW,Wilhelm Friedemann Bach,1710,1784
Gaspar Sanz,Gaspar Sanz (1640-1710),Canarios,https://open.spotify.com/track/4wVfNcuFvJzBE5FQ5J479c,Gaspar Sanz,1640,1710
Franz Schubert,Franz Schubert (1797-1828),"Symphony No. 8 in C Major, D. 944 ""Great"": II. Andante con moto",https://open.spotify.com/track/50RJToWwTLazCAzLASGaTM,Franz Schubert,1797,1828
Mykola Lysenko,Mykola Lysenko (1842-1912),"2nd Rhapsody on Ukrainian Themes, Op. 18 ""Dumka-Shumka""",https://open.spotify.com/track/7mpDfat4l7rGPQvH5s4hZo,Mykola Lysenko,1842,1912
Mykola Lysenko,Mykola Lysenko (1842-1912),"Personal Album, Op. 40: No. 1, A Moment of Despair",https://open.spotify.com/track/0wt0HAkHQ20cZF02lGEgwk,Mykola Lysenko,1842,1912
Luciano Berio,Luciano Berio (1925-2003),"6 Encores for Piano (1965): No. 3, Wasserklavier",https://open.spotify.com/track/0RnF44RV45by9HTtZuttgl,Luciano Berio,1925,2003
Thomas Morley,Thomas Morley (1557-1602),A lieta vita (Sing and we chant it),https://open.spotify.com/track/4sEtmSTL1v6z1B8RNjiYLe,Thomas Morley,1557,1602
Giovanni Pierluigi da Palestrina,Giovanni Pierluigi da Palestrina (1525-1594),O Bone Iesu,https://open.spotify.com/track/27HoHsQWBg6lxnlFip2fwi,Giovanni Pierluigi da Palestrina,1525,1594
Baude Cordier,Baude Cordier (1500-1530),"Tout par compas, Fol. 12 (Rondeau/Canon)",https://open.spotify.com/track/056z6eM7cdlYM8Vho23AnF,Baude Cordier,1500,1530
Jean L'héritier,Jean L'héritier (1480-1551),Nigra sum sed formosa II,https://open.spotify.com/track/3hYpdHH3keEP3PWm4MjAnX,Jean L'héritier,1480,1551
George Frideric Handel,George Frideric Handel (1685-1759),"Water Music, Suite No. 2, HWV 349: No. 12, Alla Hornpipe",https://open.spotify.com/track/6x1xxlk6Dw1IdzvrzsL7B3,George Frideric Handel,1685,1759
Christoph Willibald Gluck,Christoph Willibald Gluck (1714-1787),"Orfeo ed Euridice, Wq. 30: Danse des champs-elysées ""Mélodie"" (Arr. I. Friedman for Piano)",https://open.spotify.com/track/3xIu6hYXz0gTjJtmGu60M8,Christoph Willibald Gluck,1714,1787
Modest Mussorgsky,Modest Mussorgsky (1839-1881),Pictures at an Exhibition (Orch. M. Ravel): Promenade II,https://open.spotify.com/track/5uONLpSzdrUP6N1rSKRU8o,Modest Mussorgsky,1839,1881
Pyotr Ilyich Tchaikovsky,Pyotr Ilyich Tchaikovsky (1840-1893),"String Sextet in D Minor, Op. 70, ""Souvenir de Florence"": I. Allegro con spirito",https://open.spotify.com/track/72jIJDADnBLJKXV2yxv5N0,Pyotr Ilyich Tchaikovsky,1840,1893
Gustav Mahler,Gustav Mahler (1860-1911),Symphony No. 5 In C Sharp Minor: 4. Adagietto (Sehr langsam),https://open.spotify.com/track/0M78i2tXl07RGPjcm0InHA,Gustav Mahler,1860,1911
Josquin des Prez,Josquin des Prez (1450-1521),Obsecro te,https://open.spotify.com/track/4Ty3xe0DxUYIq1vTog3sJr,Josquin Des Prez,1450,1521
Giovanni Pierluigi da Palestrina,Giovanni Pierluigi da Palestrina (1525-1594),Angelus Domini descendit,https://open.spotify.com/track/1H4Wh0ltvt6GDQzCAhk9Lk,Giovanni Pierluigi da Palestrina,1525,1594
Johann Sebastian Bach,Johann Sebastian Bach (1685-1750),"Matthäus-Passion, BWV 244: Erbarme dich mein Gott",https://open.spotify.com/track/4Q6g02eGms6bUNkTgkgyGK,Johann Sebastian Bach,1685,1750
Jean Sibelius,Jean Sibelius (1865-1957),"6 Impromptus, Op. 5: Impromptu VI",https://open.spotify.com/track/1juisCcrVdwoLbDWyVvNrX,Jean Sibelius,1865,1957
Felix Mendelssohn,Felix Mendelssohn (1809-1847),"Overture to ""A Midsummer Night's Dream"", Op. 21: Tempo primo",https://open.spotify.com/track/2idvFSH2im8mdSaMiE81vn,Felix Mendelssohn,1809,1847
Clément Janequin,Clément Janequin (1485-1558),Au joly jeu,https://open.spotify.com/track/1PoTSO2QQDEg66PqDHS38j,Clément Janequin,1485,1558
Johann Sebastian Bach,Johann Sebastian Bach (1685-1750),"Unaccompanied Cello Suite No. 1 in G major, BWV 1007: I. Prélude",https://open.spotify.com/track/5mRrklQD0rvuN6sV10HfPn,Johann Sebastian Bach,1685,1750
Claude Debussy,Claude Debussy (1862-1918),"Debussy: Preludes, Book 1, L. 117: V. Les collines d'Anacapri",https://open.spotify.com/track/1bkDCG0kw4zgjMHpewwnVQ,Claude Debussy,1862,1918
Amy Beach,Amy Beach (1867-1944),"3 Compositions, Op. 40: No. 2, Berceuse",https://open.spotify.com/track/2fDLC30XLnXwVtASMgsD1b,Amy Beach,1867,1944
Francis Poulenc,Francis Poulenc (1899-1963),"Piano Concerto in C-Sharp Minor, FP 146: I. Allegretto commodo - Live",https://open.spotify.com/track/0gxQmk1VyK2dprLpKqWKQf,Francis Poulenc,1899,1963
Claude Gervaise,Claude Gervaise (1525-1583),"Pavane, Gaillarde & Branle de Champagne",https://open.spotify.com/track/72MyMeH7PPBwjqQljbblN3,Claude Gervaise,1525,1583
Clara Schumann,Clara Schumann (1819-1896),"3 Romances, Op. 11: No. 1, Andante",https://open.spotify.com/track/6VLzm03YUeXVl3GdGyib6J,Clara Schumann,1819,1896
John Adams,John Adams (1947-NA),Short Ride in a Fast Machine,https://open.spotify.com/track/6Olyr6tQ7DKWPJro6nn35C,John Adams,1947,NA
John Dowland,John Dowland (1563-1626),"Come Again, Sweet Love Doth Now Invite",https://open.spotify.com/track/0O53MwxOS57Fa0Bz6UlPyg,John Dowland,1563,1626
Giovanni de Macque,Giovanni de Macque (1548-1614),"Io piango o filli, madrigal à 5",https://open.spotify.com/track/14dJAU0QWOgwV7xIA3edRU,Giovanni de Macque,1548,1614
Jean-Philippe Rameau,Jean-Philippe Rameau (1683-1764),The Arts and the Hours,https://open.spotify.com/track/1G3QPQkoXvpChjNUhd6Tfs,Jean-Philippe Rameau,1683,1764
Henry Purcell,Henry Purcell (1659-1695),"Dido and Aeneas, Z. 626 / Act III: ""When I Am Laid in Earth"" Dido's Lamento (Arr. by Mathieu Herzog for Cello and Strings)",https://open.spotify.com/track/06O078Zw6xX8iMh4lpWn01,Henry Purcell,1659,1695
Wolfgang Amadeus Mozart,Wolfgang Amadeus Mozart (1756-1791),"Piano Sonata No. 16 in C Major, K. 545 ""Sonata facile"": I. Allegro",https://open.spotify.com/track/0iGDZom5WctL4eSQogMhMp,Wolfgang Amadeus Mozart,1756,1791
Tomás Luis de Victoria,Tomás Luis de Victoria (1549-1611),Liturgia de Pascua en el Madrid de los Austrias / Ad Vesperas: Himnus: Ad caenam Agni providi [Ad Vesperas],https://open.spotify.com/track/0OvNQt4kuO1ub1cGEOmiAi,Tomás Luis de Victoria,1549,1611
Johann Sebastian Bach,Johann Sebastian Bach (1685-1750),"Goldberg Variations, BWV 988: Aria",https://open.spotify.com/track/4GFuyvrYOQYDS497hffJXT,Johann Sebastian Bach,1685,1750
Antonio Vivaldi,Antonio Vivaldi (1678-1741),"Violin Concerto in E-Flat Major, RV 257: III. Allegro",https://open.spotify.com/track/5AW6hac4JAKu0ygmZUw7HF,Antonio Vivaldi,1678,1741
Claude Debussy,Claude Debussy (1862-1918),"Suite bergamasque, L. 75: III. Clair de lune",https://open.spotify.com/track/26KykHLogeIep4OrurliDS,Claude Debussy,1862,1918
Amy Beach,Amy Beach (1867-1944),"By the Still Waters, Op. 114",https://open.spotify.com/track/3qLZnIVAiGexuNuG8Aptrq,Amy Beach,1867,1944
Alban Berg,Alban Berg (1885-1935),"Violin Concerto ""To the Memory of an Angel"": I. Andante – Allegretto",https://open.spotify.com/track/0TPeXLC56GfnWscAYX091j,Alban Berg,1885,1935
Vicente Lusitano,Vicente Lusitano (1520-1561),Regina caeli,https://open.spotify.com/track/5MMb7xNiVNilblN9lZR9rB,Vicente Lusitano,1520,1561
Georg Muffat,Georg Muffat (1653-1704),Sonata III: V. Rondeau,https://open.spotify.com/track/3sHoPmz13tcBdi6TTqMDI1,Georg Muffat,1653,1704
Marin Marais,Marin Marais (1656-1728),"Pièces de viole, Livre 2 - Suite No. 3 in D Major: No. 63. Les Voix Humaines (Lentement)",https://open.spotify.com/track/1b7Gui95FOHRRza7gh8KDf,Marin Marais,1656,1728
Mykola Lysenko,Mykola Lysenko (1842-1912),"Farewell. Waltz in C Minor, Op. 39, No. 1",https://open.spotify.com/track/1T3B13guRpXY9h6TeqLmCR,Mykola Lysenko,1842,1912
Paul Hindemith,Paul Hindemith (1895-1963),"In einer Nacht, Op. 15: No. 2, Sehr langsam - Musical Moments",https://open.spotify.com/track/0b0NXgRU5fX5U6dfjYsgKe,Paul Hindemith,1895,1963
Hans Werner Henze,Hans Werner Henze (1926-2012),Tristan: I. Prologue,https://open.spotify.com/track/2p6gUusMSTkppTHzlfARWc,Hans Werner Henze,1926,2012
Aimeric de Peguilhan,Aimeric de Peguilhan (1175-1230),En greu pantais m’a tengut longamen,https://open.spotify.com/track/0BcRpHknKZ44hfPE6D6w6O,Aimeric de Peguilhan,1175,1230
Clara Schumann,Clara Schumann (1819-1896),"3 Romances, Op. 22: No. 1, Andante molto (Arr. Knoth for Cello and Piano)",https://open.spotify.com/track/1W6ZSpMRXgeM9iSJxA1xus,Clara Schumann,1819,1896
Alban Berg,Alban Berg (1885-1935),Klavierstück in B Minor,https://open.spotify.com/track/2m0Wl1b91F46OpJrf9XywN,Alban Berg,1885,1935
Blasius Amon,Blasius Amon (1558-1590),Magi videntes stellam à 5,https://open.spotify.com/track/5ujOQ4wfNL1BHxhjs7E2Wb,Blasius Amon,1558,1590
Carl Nielsen,Carl Nielsen (1865-1931),"Symphony No. 4, Op. 29 ""The Inextinguishable"": I. Allegro – II. Poco allegretto",https://open.spotify.com/track/5lOylvWBVuknXRfvIdUGtm,Carl Nielsen,1865,1931
Antonio Salieri,Antonio Salieri (1750-1825),"Sinfonia in D Major, ""La Veneziana"": I. Allegro Assai",https://open.spotify.com/track/0cBfrhoEZYa3c5YM7Qr6Vq,Antonio Salieri,1750,1825
